{"learner":{"attributes":{},"feature_names":["Pregnancies","Glucose","BloodPressure","SkinThickness","Insulin","BMI","DiabetesPedigreeFunction","Age"],"feature_types":[],"gradient_booster":{"model":{"gbtree_model_param":{"num_parallel_tree":"1","num_trees":"15"},"iteration_indptr":[0,1,2,3,4,5,6,7,8,9,10,11,12,13,14,15],"tree_info":[0,0,0,0,0,0,0,0,0,0,0,0,0,0,0],"trees":[{"base_weights":[-6.36724E-2,-8.2456785E-1,1.6326551E0,-1.2797758E-1,-5.0208664E-1,1.9326793E-1,8.357657E-2,-9.853333E-2,7.161621E-3],"categories":[],"categories_nodes":[],"categories_segments":[],"categories_sizes":[],"default_left":[0,0,0,0,0,0,0,0,0],"id":0,"left_children":[1,3,5,-1,7,-1,-1,-1,-1],"loss_changes":[3.5334873E1,2.1235456E0,4.1451073E-1,0E0,3.584631E0,0E0,0E0,0E0,0E0],"parents":[2147483647,0,0,1,1,2,2,4,4],"right_children":[2,4,6,-1,8,-1,-1,-1,-1],"split_conditions":[1.33E2,2.79E1,1.8E2,-1.2797758E-1,1.07E2,1.9326793E-1,8.357657E-2,-9.853333E-2,7.161621E-3],"split_indices":[1,5,4,0,1,0,0,0,0],"split_type":[0,0,0,0,0,0,0,0,0],"sum_hessian":[2.5332922E1,1.784319E1,7.4897337E0,6.168016E0,1.1675173E1,4.4057255E0,3.084008E0,5.9477296E0,5.727443E0],"tree_param":{"num_deleted":"0","num_feature":"8","num_nodes":"9","size_leaf_vector":"1"}},{"base_weights":[1.0673171E-1,-5.9898907E-1,1.0394583E0,-1.1345013E-1,-1.3851252E-1,-2.0187063E-2,1.5091696E0,-5.447474E-2,5.7993885E-2,5.7017993E-2,1.9012779E-1],"categories":[],"categories_nodes":[],"categories_segments":[],"categories_sizes":[],"default_left":[0,0,0,0,0,0,0,0,0,0,0],"id":1,"left_children":[1,3,5,-1,7,-1,9,-1,-1,-1,-1],"loss_changes":[1.893269E1,3.9041228E0,7.5036945E0,0E0,3.2328541E0,0E0,2.2573643E0,0E0,0E0,0E0,0E0],"parents":[2147483647,0,0,1,1,2,2,4,4,6,6],"right_children":[2,4,6,-1,8,-1,10,-1,-1,-1,-1],"split_conditions":[3.2E1,2.4E1,2.97E1,-1.1345013E-1,3.2E1,-2.0187063E-2,3.9E1,-5.447474E-2,5.7993885E-2,5.7017993E-2,1.9012779E-1],"split_indices":[7,7,5,0,3,0,7,0,0,0,0],"split_type":[0,0,0,0,0,0,0,0,0,0,0],"sum_hessian":[2.6816513E1,1.5469652E1,1.134686E1,6.475361E0,8.994292E0,3.271454E0,8.075406E0,5.9000144E0,3.0942771E0,3.1017423E0,4.973664E0],"tree_param":{"num_deleted":"0","num_feature":"8","num_nodes":"11","size_leaf_vector":"1"}},{"base_weights":[-2.868509E-3,-2.933101E-1,1.3596408E-1,-1.0954161E-1,9.312837E-2,-3.866953E-1,4.420418E-1,-9.3194516E-4,-6.866964E-2,-2.675492E-2,8.828061E-2],"categories":[],"categories_nodes":[],"categories_segments":[],"categories_sizes":[],"default_left":[0,0,0,0,0,0,0,0,0,0,0],"id":2,"left_children":[1,3,-1,-1,5,7,9,-1,-1,-1,-1],"loss_changes":[1.1105203E1,7.2695065E0,0E0,0E0,2.9378219E0,8.417398E-1,3.3748875E0,0E0,0E0,0E0,0E0],"parents":[2147483647,0,0,1,1,4,4,5,5,6,6],"right_children":[2,4,-1,-1,6,8,10,-1,-1,-1,-1],"split_conditions":[4.3E1,2.99E1,1.3596408E-1,-1.0954161E-1,3.06E-1,3.5E1,2.6E1,-9.3194516E-4,-6.866964E-2,-2.675492E-2,8.828061E-2],"split_indices":[7,5,0,0,6,5,7,0,0,0,0],"split_type":[0,0,0,0,0,0,0,0,0,0,0],"sum_hessian":[2.6054867E1,2.2123583E1,3.9312825E0,6.5966625E0,1.5526921E1,6.4915276E0,9.035394E0,3.3316545E0,3.1598728E0,3.612531E0,5.422863E0],"tree_param":{"num_deleted":"0","num_feature":"8","num_nodes":"11","size_leaf_vector":"1"}},{"base_weights":[-8.59014E-3,-7.07398E-1,1.0590038E0,-1.0470573E-1,-1.4303826E-1,1.3912314E0,2.4076184E-2,-3.8128108E-2,1.3329336E-2,4.9604233E-2,1.9389491E-1],"categories":[],"categories_nodes":[],"categories_segments":[],"categories_sizes":[],"default_left":[0,0,0,0,0,0,0,0,0,0,0],"id":3,"left_children":[1,3,5,-1,7,9,-1,-1,-1,-1,-1],"loss_changes":[1.9440313E1,2.8677654E0,2.4682875E0,0E0,5.1644874E-1,2.5316057E0,0E0,0E0,0E0,0E0,0E0],"parents":[2147483647,0,0,1,1,2,2,4,4,5,5],"right_children":[2,4,6,-1,8,10,-1,-1,-1,-1,-1],"split_conditions":[1.28E2,3E1,1.9E2,-1.0470573E-1,1.09E2,3.06E-1,2.4076184E-2,-3.8128108E-2,1.3329336E-2,4.9604233E-2,1.9389491E-1],"split_indices":[1,7,4,0,1,6,0,0,0,0,0],"split_type":[0,0,0,0,0,0,0,0,0,0,0],"sum_hessian":[2.405375E1,1.4741738E1,9.312011E0,8.669005E0,6.072732E0,6.124881E0,3.1871297E0,3.0571637E0,3.0155683E0,3.0483367E0,3.0765443E0],"tree_param":{"num_deleted":"0","num_feature":"8","num_nodes":"11","size_leaf_vector":"1"}},{"base_weights":[-3.148065E-3,-7.190056E-1,1.2089238E0,-9.994801E-2,-1.9105023E-1,7.4589354E-1,1.731721E-1,-4.530042E-2,1.4610601E-2,1.1140048E-1,2.0670282E-2],"categories":[],"categories_nodes":[],"categories_segments":[],"categories_sizes":[],"default_left":[0,0,0,0,0,0,0,0,0,0,0],"id":4,"left_children":[1,3,5,-1,7,9,-1,-1,-1,-1,-1],"loss_changes":[2.4618313E1,2.4500227E0,1.2587976E0,0E0,7.2186595E-1,1.2273917E0,0E0,0E0,0E0,0E0,0E0],"parents":[2147483647,0,0,1,1,2,2,4,4,5,5],"right_children":[2,4,6,-1,8,10,-1,-1,-1,-1,-1],"split_conditions":[1.28E2,3.24E1,8.6E1,-9.994801E-2,2.77E-1,1.4E2,1.731721E-1,-4.530042E-2,1.4610601E-2,1.1140048E-1,2.0670282E-2],"split_indices":[1,5,2,0,6,4,0,0,0,0,0],"split_type":[0,0,0,0,0,0,0,0,0,0,0],"sum_hessian":[2.6371084E1,1.6835012E1,9.536072E0,1.0411057E1,6.423955E0,6.3440332E0,3.1920383E0,3.4217887E0,3.002166E0,3.1365852E0,3.207448E0],"tree_param":{"num_deleted":"0","num_feature":"8","num_nodes":"11","size_leaf_vector":"1"}},{"base_weights":[-1.3757156E-1,-8.0696934E-1,4.321607E-1,-9.87327E-2,-2.3146406E-2,-1.6269987E-2,1.3408878E-1,-3.350239E-1,5.965973E-2,-5.0160713E-2,-1.0035904E-2],"categories":[],"categories_nodes":[],"categories_segments":[],"categories_sizes":[],"default_left":[0,0,0,0,0,0,0,0,0,0,0],"id":5,"left_children":[1,3,5,-1,-1,7,-1,9,-1,-1,-1],"loss_changes":[1.07579775E1,1.11024E0,6.2956133E0,0E0,0E0,2.4067345E0,0E0,2.6520157E-1,0E0,0E0,0E0],"parents":[2147483647,0,0,1,1,2,2,5,5,7,7],"right_children":[2,4,6,-1,-1,8,-1,10,-1,-1,-1],"split_conditions":[2.9E1,3.48E1,1.25E2,-9.87327E-2,-2.3146406E-2,4.3E1,1.3408878E-1,3.14E-1,5.965973E-2,-5.0160713E-2,-1.0035904E-2],"split_indices":[7,5,4,0,0,7,0,6,0,0,0],"split_type":[0,0,0,0,0,0,0,0,0,0,0],"sum_hessian":[2.6293789E1,1.189801E1,1.4395778E1,8.514172E0,3.3838394E0,1.0296732E1,4.0990458E0,7.0719447E0,3.2247875E0,3.4706578E0,3.6012871E0],"tree_param":{"num_deleted":"0","num_feature":"8","num_nodes":"11","size_leaf_vector":"1"}},{"base_weights":[-3.709776E-2,-5.2036035E-1,9.490957E-1,-1.09966315E-1,-2.146831E-1,2.8439302E-2,1.4654902E-1,-8.381716E-2,7.3541634E-2,-4.057924E-2,5.8655746E-2],"categories":[],"categories_nodes":[],"categories_segments":[],"categories_sizes":[],"default_left":[0,0,0,0,0,0,0,0,0,0,0],"id":6,"left_children":[1,3,5,-1,7,-1,-1,-1,9,-1,-1],"loss_changes":[1.4027232E1,3.2529888E0,2.9102755E0,0E0,2.6027203E0,0E0,0E0,0E0,2.842014E0,0E0,0E0],"parents":[2147483647,0,0,1,1,2,2,4,4,8,8],"right_children":[2,4,6,-1,8,-1,-1,-1,10,-1,-1],"split_conditions":[1.33E2,2.4E1,3.8E1,-1.09966315E-1,2.79E1,2.8439302E-2,1.4654902E-1,-8.381716E-2,3.42E-1,-4.057924E-2,5.8655746E-2],"split_indices":[1,7,7,0,5,0,0,0,6,0,0],"split_type":[0,0,0,0,0,0,0,0,0,0,0],"sum_hessian":[2.7396204E1,1.8703377E1,8.692827E0,5.563076E0,1.3140301E1,4.478645E0,4.214183E0,3.5509112E0,9.58939E0,5.0654836E0,4.5239058E0],"tree_param":{"num_deleted":"0","num_feature":"8","num_nodes":"11","size_leaf_vector":"1"}},{"base_weights":[7.431727E-2,-5.4439783E-1,9.5709E-1,-1.0197582E-1,-2.890229E-1,1.2299452E0,1.737022E-2,-5.882878E-2,-3.6572877E-2,6.5418914E-2,1.6168591E-1,1.7835451E-2,-2.2196218E-2],"categories":[],"categories_nodes":[],"categories_segments":[],"categories_sizes":[],"default_left":[0,0,0,0,0,0,0,0,0,0,0,0,0],"id":7,"left_children":[1,3,5,-1,7,9,-1,-1,11,-1,-1,-1,-1],"loss_changes":[1.485786E1,1.656095E0,2.1758728E0,0E0,8.737059E-1,7.5263405E-1,0E0,0E0,3.3817875E-1,0E0,0E0,0E0,0E0],"parents":[2147483647,0,0,1,1,2,2,4,4,5,5,8,8],"right_children":[2,4,6,-1,8,10,-1,-1,12,-1,-1,-1,-1],"split_conditions":[1.28E2,2.4E1,2.4E2,-1.0197582E-1,1.07E2,1.48E2,1.737022E-2,-5.882878E-2,2.87E-1,6.5418914E-2,1.6168591E-1,1.7835451E-2,-2.2196218E-2],"split_indices":[1,7,4,0,1,1,0,0,6,0,0,0,0],"split_type":[0,0,0,0,0,0,0,0,0,0,0,0,0],