{"learner":{"attributes":{},"feature_names":["Pregnancies","Glucose","BloodPressure","SkinThickness","Insulin","BMI","DiabetesPedigreeFunction","Age"],"feature_types":[],"gradient_booster":{"model":{"gbtree_model_param":{"num_parallel_tree":"1","num_trees":"15"},"iteration_indptr":[0,1,2,3,4,5,6,7,8,9,10,11,12,13,14,15],"tree_info":[0,0,0,0,0,0,0,0,0,0,0,0,0,0,0],"trees":[{"base_weights":[-2.7264414E-2,-8.8782114E-1,6.487908E-1,-1.0917901E-1,-1.7967712E-2,-6.8626076E-2,1.1720937E0,-4.9154036E-2,3.4776013E-2,3.1954538E-2,1.527136E-1],"categories":[],"categories_nodes":[],"categories_segments":[],"categories_sizes":[],"default_left":[0,0,0,0,0,0,0,0,0,0,0],"id":0,"left_children":[1,3,5,-1,-1,7,9,-1,-1,-1,-1],"loss_changes":[1.6629505E1,1.6183386E0,6.0989513E0,0E0,0E0,1.5279673E0,2.3345852E0,0E0,0E0,0E0,0E0],"parents":[2147483647,0,0,1,1,2,2,5,5,6,6],"right_children":[2,4,6,-1,-1,8,10,-1,-1,-1,-1],"split_conditions":[1.1E2,5.36E-1,4E0,-1.0917901E-1,-1.7967712E-2,5.42E-1,3E1,-4.9154036E-2,3.4776013E-2,3.1954538E-2,1.527136E-1],"split_indices":[1,6,0,0,0,6,5,0,0,0,0],"split_type":[0,0,0,0,0,0,0,0,0,0,0],"sum_hessian":[2.6593569E1,1.1562421E1,1.5031148E1,8.556191E0,3.0062294E0,6.7062044E0,8.324944E0,3.237478E0,3.4687264E0,3.0062294E0,5.3187137E0],"tree_param":{"num_deleted":"0","num_feature":"8","num_nodes":"11","size_leaf_vector":"1"}},{"base_weights":[1.23400144E-1,-6.11298E-1,4.896555E-1,-1.0618116E-1,-9.580108E-3,1.103485E-1,1.376447E-1,-1.2387561E-1,7.8547396E-2,1.3141279E-2,-4.2344835E-2],"categories":[],"categories_nodes":[],"categories_segments":[],"categories_sizes":[],"default_left":[0,0,0,0,0,0,0,0,0,0,0],"id":1,"left_children":[1,3,5,-1,-1,7,-1,9,-1,-1,-1],"loss_changes":[8.152156E0,2.2562332E0,6.5855436E0,0E0,0E0,2.487677E0,0E0,9.8000205E-1,0E0,0E0,0E0],"parents":[2147483647,0,0,1,1,2,2,5,5,7,7],"right_children":[2,4,6,-1,-1,8,-1,10,-1,-1,-1],"split_conditions":[2.99E1,2.9E1,7.42E-1,-1.0618116E-1,-9.580108E-3,4.07E1,1.376447E-1,3.58E1,7.8547396E-2,1.3141279E-2,-4.2344835E-2],"split_indices":[5,7,6,0,0,5,0,5,0,0,0],"split_type":[0,0,0,0,0,0,0,0,0,0,0],"sum_hessian":[2.8183224E1,9.153169E0,1.9030054E1,4.3189135E0,4.8342557E0,1.4116462E1,4.9135933E0,1.1086641E1,3.0298204E0,6.2888083E0,4.7978325E0],"tree_param":{"num_deleted":"0","num_feature":"8","num_nodes":"11","size_leaf_vector":"1"}},{"base_weights":[-1.23963365E-2,-2.4350664E-1,1.4148189E-1,-5.288856E-1,9.437042E-2,-7.8359467E-1,3.1233057E-2,-9.6699625E-2,-4.3365702E-2],"categories":[],"categories_nodes":[],"categories_segments":[],"categories_sizes":[],"default_left":[0,0,0,0,0,0,0,0,0],"id":2,"left_children":[1,3,-1,5,-1,7,-1,-1,-1],"loss_changes":[9.7236395E0,9.079472E0,0E0,4.7568083E0,0E0,6.363411E-1,0E0,0E0,0E0],"parents":[2147483647,0,0,1,1,3,3,5,5],"right_children":[2,4,-1,6,-1,8,-1,-1,-1],"split_conditions":[4.18E1,7.71E-1,1.4148189E-1,8E0,9.437042E-2,4E0,3.1233057E-2,-9.6699625E-2,-4.3365702E-2],"split_indices":[5,6,0,0,0,0,0,0,0],"split_type":[0,0,0,0,0,0,0,0,0],"sum_hessian":[2.7435013E1,2.4325367E1,3.1096458E0,2.0058311E1,4.2670555E0,1.5449043E1,4.609268E0,8.979544E0,6.469499E0],"tree_param":{"num_deleted":"0","num_feature":"8","num_nodes":"9","size_leaf_vector":"1"}},{"base_weights":[-4.4907182E-2,-8.144296E-1,4.6781707E-1,-1.0166881E-1,-2.5178423E-2,-3.007687E-2,6.923513E-1,-3.965402E-3,1.0095745E0,1.5398736E-1,-2.7128777E-3],"categories":[],"categories_nodes":[],"categories_segments":[],"categories_sizes":[],"default_left":[0,0,0,0,0,0,0,0,0,0,0],"id":3,"left_children":[1,3,5,-1,-1,-1,7,-1,9,-1,-1],"loss_changes":[1.0787565E1,9.857397E-1,3.0495095E0,0E0,0E0,0E0,3.0691047E0,0E0,5.065774E0,0E0,0E0],"parents":[2147483647,0,0,1,1,2,2,6,6,8,8],"right_children":[2,4,6,-1,-1,-1,8,-1,10,-1,-1],"split_conditions":[1.09E2,5.36E-1,3E1,-1.0166881E-1,-2.5178423E-2,-3.007687E-2,3E1,-3.965402E-3,4.5E1,1.5398736E-1,-2.7128777E-3],"split_indices":[1,6,3,0,0,0,7,0,7,0,0],"split_type":[0,0,0,0,0,0,0,0,0,0,0],"sum_hessian":[2.5375584E1,9.911488E0,1.5464096E1,6.697063E0,3.2144246E0,3.4195108E0,1.2044585E1,3.9061E0,8.138486E0,5.063186E0,3.0752993E0],"tree_param":{"num_deleted":"0","num_feature":"8","num_nodes":"11","size_leaf_vector":"1"}},{"base_weights":[-1.3404038E-2,-8.45692E-1,4.3072194E-1,-3.8538758E-2,-1.06511176E-1,-4.5001846E-2,6.284512E-1,1.0071307E0,2.5442493E-1,1.5585E-1,2.6356844E-2,-5.712194E-2,7.753996E-2],"categories":[],"categories_nodes":[],"categories_segments":[],"categories_sizes":[],"default_left":[0,0,0,0,0,0,0,0,0,0,0,0,0],"id":4,"left_children":[1,3,5,-1,-1,-1,7,9,11,-1,-1,-1,-1],"loss_changes":[1.1057577E1,6.402445E-1,3.6831853E0,0E0,0E0,0E0,2.0613685E0,2.7841682E0,4.559424E0,0E0,0E0,0E0,0E0],"parents":[2147483647,0,0,1,1,2,2,6,6,7,7,8,8],"right_children":[2,4,6,-1,-1,-1,8,10,12,-1,-1,-1,-1],"split_conditions":[1.04E2,9.2E1,2.73E1,-3.8538758E-2,-1.06511176E-1,-4.5001846E-2,3.37E1,1.35E2,1.31E2,1.5585E-1,2.6356844E-2,-5.712194E-2,7.753996E-2],"split_indices":[1,4,5,0,0,0,5,1,1,0,0,0,0],"split_type":[0,0,0,0,0,0,0,0,0,0,0,0,0],"sum_hessian":[2.7928957E1,9.403227E0,1.852573E1,3.925212E0,5.478015E0,3.1626208E0,1.536311E1,6.792963E0,8.570147E0,3.271257E0,3.521706E0,3.2782729E0,5.2918735E0],"tree_param":{"num_deleted":"0","num_feature":"8","num_nodes":"13","size_leaf_vector":"1"}},{"base_weights":[-1.4037374E-1,-2.9486465E-1,7.871686E-2,-8.18167E-2,-9.725033E-2,-2.943776E-1,6.631889E-2,-7.020326E-2,-6.420146E-3],"categories":[],"categories_nodes":[],"categories_segments":[],"categories_sizes":[],"default_left":[0,0,0,0,0,0,0,0,0],"id":5,"left_children":[1,3,-1,-1,5,7,-1,-1,-1],"loss_changes":[4.4303946E0,2.5928295E0,0E0,0E0,3.1773095E0,1.5022858E0,0E0,0E0,0E0],"parents":[2147483647,0,0,1,1,4,4,5,5],"right_children":[2,4,-1,-1,6,8,-1,-1,-1],"split_conditions":[4.18E1,1.26E2,7.871686E-2,-8.18167E-2,7.22E-1,2.9E1,6.631889E-2,-7.020326E-2,-6.420146E-3],"split_indices":[5,4,0,0,6,7,0,0,0],"split_type":[0,0,0,0,0,0,0,0,0],"sum_hessian":[2.8297823E1,2.4842218E1,3.4556046E0,5.9488506E0,1.8893368E1,1.5490642E1,3.4027257E0,4.850374E0,1.0640267E1],"tree_param":{"num_deleted":"0","num_feature":"8","num_nodes":"9","size_leaf_vector":"1"}},{"base_weights":[-4.257398E-2,-9.513451E-1,3.627225E-1,-4.6520416E-2,-1.1674384E-1,-5.981822E-2,6.0947686E-1,1.355359E-1,9.5511985E-1,5.86331E-2,-4.2095624E-2,2.7589435E-2,1.2465822E-1],"categories":[],"categories_nodes":[],"categories_segments":[],"categories_sizes":[],"default_left":[0,0,0,0,0,0,0,0,0,0,0,0,0],"id":6,"left_children":[1,3,5,-1,-1,-1,7,9,11,-1,-1,-1,-1],"loss_changes":[1.1584678E1,4.7464085E-1,5.540103E0,0E0,0E0,0E0,2.7967868E0,2.4290318E0,1.6682968E0,0E0,0E0,0E0,0E0],"parents":[2147483647,0,0,1,1,2,2,6,6,7,7,8,8],"right_children":[2,4,6,-1,-1,-1,8,10,12,-1,-1,-1,-1],"split_conditions":[1.04E2,8.7E1,2.73E1,-4.6520416E-2,-1.1674384E-1,-5.981822E-2,3.55E-1,3.32E1,1.25E2,5.86331E-2,-4.2095624E-2,2.7589435E-2,1.2465822E-1],"split_indices":[1,1,5,0,0,0,6,5,1,0,0,0,0],"split_type":[0,0,0,0,0,0,0,0,0,0,0,0,0],"sum_hessian":[2.9515724E1,8.687963E0,2.082776E1,3.643667E0,5.0442953E0,3.964624E0,1.6863138E1,7.6987886E0,9.164349E0,4.223697E0,3.4750915E0,3.3362103E0,5.828139E0],"tree_param":{"num_deleted":"0","num_feature":"8","num_nodes":"13","size_leaf_vector":"1"}},{"base_weights":[1.0028264E-1,-2.2443558E-1,9.768361E-1,-4.7063243E-1,7.7076346E-2,1.34804E-1,3.240586E-2,-9.21862E-2,-1.0127056E-1,-4.6898603E-2,1.078829E-2],"categories":[],"categories_nodes":[],"categories_segments":[],"categories_sizes":[],"default_left":[0,0,0,0,0,0,0,0,0,0,0],"id":7,"left_children":[1,3,5,7,-1,-1,-1,-1,9,-1,-1],"loss_changes":[8.208393E0,5.580156E0,1.446908E0,2.855316E0,0E0,0E0,0E0,0E0,8.852079E-1,0E0,0E0],"parents":[2147483647,0,0,1,1,2,2,3,3,8,8],"right_children":[2,4,6,8,-1,-1,-1,-1,10,-1,-1],"split_conditions":[1.48E2,7.42E-1,3.7E1,1.04E2,7.7076346E-2,1.34804E-1,3.240586E-2,-9.21862E-2,2.47E-1,-4.6898603E-2,1.078829E-2],"split_indices":[1,6,7,1,0,0,0,0,6,0,0],"split_type":[0,0,0,0,0,0,0,0,0,0,0],